timestamp,tollID,tagRef,tagHomeID,charge
2022-01-10 21:54,AM02,AMHJ7XVG0,AM,2.0
2022-01-10 22:24,EG09,EGYTJXEPQ,EG,0.9
2022-01-10 22:26,KO09,KOWM31YIH,KO,2.05
2022-01-10 22:49,KO07,KOJDP0LVS,KO,1.85
2022-01-10 23:26,EG02,EGIGQPKI7,EG,3.0
2022-01-11 00:17,NAO06,NAO5UQPGB7,NAO,2.5
2022-01-11 00:54,EG21,NORCBPLJD,NO,1.6
2022-01-11 01:05,AM10,GEX7EEDTJ,GE,3.1
2022-01-11 01:14,NAO03,NAOLY8OZCY,NAO,2.5
2022-01-11 01:18,NAO01,NAOBMYOFQE,NAO,2.5
2022-01-11 01:50,AM03,EGSEIMVIH,EG,2.2
2022-01-11 02:02,KO05,EGC11ERTJ,EG,1.9
2022-01-11 02:07,EG28,EGF1T2TAL,EG,1.4
2022-01-11 02:16,NAO25,NAO5ZJA8DZ,NAO,2.5
2022-01-11 02:36,EG25,MOV86WZS3,MO,1.8
2022-01-11 02:46,KO02,AMXAJI0Y6,AM,3.4
2022-01-11 03:22,NO12,NOXFGCAQV,NO,3.35
2022-01-11 03:23,EG03,EGC11ERTJ,EG,1.2
2022-01-11 03:46,NO10,NAOP0J43D5,NAO,4.2
2022-01-11 03:54,NAO26,NAOHAFEYUH,NAO,2.5
2022-01-11 04:03,OO06,KOJDP0LVS,KO,3.5
2022-01-11 04:11,KO05,KOWM31YIH,KO,1.9
2022-01-11 04:15,OO10,OOQ0OXFQ8,OO,2.5
2022-01-11 04:18,NAO02,NAOP0J43D5,NAO,2.5
2022-01-11 04:38,OO04,NAOVZ41NAM,NAO,2.4
2022-01-11 04:38,AM05,AMH9SDBDW,AM,3.6
2022-01-11 05:23,AM06,EG7UR23GD,EG,3.6
2022-01-11 06:25,NAO10,NAO5UQPGB7,NAO,2.5
2022-01-11 06:38,NO01,NOE1V2ISQ,NO,3.85
2022-01-11 06:47,AM10,EGRHOCN9J,EG,3.1
2022-01-11 06:59,EG17,EG7UR23GD,EG,2.1
2022-01-11 07:06,KO05,KOWM31YIH,KO,1.9
2022-01-11 07:14,AM07,AMV3A3ZMF,AM,2.8
2022-01-11 08:23,MO03,MOV86WZS3,MO,2.1
2022-01-11 08:25,AM04,NAOHL1N13J,NAO,2.2
2022-01-11 09:14,EG24,EGSEIMVIH,EG,1.4
2022-01-11 09:34,NAO38,NOE1V2ISQ,NO,2.5
2022-01-11 09:58,NO01,NORCBPLJD,NO,3.85
2022-01-11 10:21,KO07,NAOP0J43D5,NAO,1.85
2022-01-11 10:31,NO02,NOXFGCAQV,NO,3.85
2022-01-11 10:36,EG33,EGRHOCN9J,EG,2.0
2022-01-11 10:57,AM01,AMXAJI0Y6,AM,2.0
2022-01-11 11:13,EG34,EGVWPVS7H,EG,2.0
2022-01-11 11:40,KO10,NO7PTX63C,NO,2.05
2022-01-11 12:53,OO01,OO3KKV9RF,OO,2.3
2022-01-11 12:56,NAO11,NAO5UQPGB7,NAO,2.5
2022-01-11 12:56,NAO29,NAONSM43D8,NAO,2.5
2022-01-11 14:10,NAO23,NAO09SKDGI,NAO,2.5
2022-01-11 14:30,AM02,NAOBMYOFQE,NAO,2.0
2022-01-11 14:55,EG12,EGSEIMVIH,EG,0.5
2022-01-11 15:06,AM04,AMLJH75LX,AM,2.2
2022-01-11 15:08,KO10,OO1B0Z3NX,OO,2.05
2022-01-11 15:11,EG10,EGIGQPKI7,EG,0.9
2022-01-11 15:13,KO07,KOIXA11DP,KO,1.85
2022-01-11 15:18,EG24,EGSEIMVIH,EG,1.4
2022-01-11 15:45,EG10,EGC11ERTJ,EG,0.9
2022-01-11 16:15,EG20,EGSEIMVIH,EG,1.4
2022-01-11 17:26,OO10,OO7PZE9VI,OO,2.5
2022-01-11 17:50,OO03,OOZSJ49IT,OO,2.4
2022-01-11 18:20,NO01,NOXFGCAQV,NO,3.85
2022-01-11 18:33,EG22,EGRHOCN9J,EG,1.6
2022-01-11 18:36,NAO41,EGUT0CVS4,EG,2.5
2022-01-11 19:30,NAO18,EGF1T2TAL,EG,2.5
2022-01-11 19:44,NO10,NOXFGCAQV,NO,4.2
2022-01-11 19:45,EG17,EG7UR23GD,EG,2.1
2022-01-11 20:10,KO03,KONCXLL4Z,KO,2.95
2022-01-11 21:16,OO06,OOQ0OXFQ8,OO,3.5
2022-01-11 21:28,EG19,EGIGQPKI7,EG,1.4
2022-01-11 21:41,NAO18,NOXFGCAQV,NO,2.5
2022-01-11 21:43,EG26,EG9CHJ755,EG,1.8
2022-01-11 21:52,NAO21,NAOLY8OZCY,NAO,2.5
2022-01-11 21:53,GE02,NOXFGCAQV,NO,14.7
2022-01-11 22:01,EG23,NAOURTP0LZ,NAO,1.4
2022-01-11 22:04,AM06,AMHJ7XVG0,AM,3.6
2022-01-11 22:17,NO01,NOX6GVWRD,NO,3.85
2022-01-11 22:53,NAO22,NAOVZ41NAM,NAO,2.5
2022-01-11 23:18,NO01,NOXFGCAQV,NO,3.85
2022-01-11 23:19,NAO17,NAOBMYOFQE,NAO,2.5
2022-01-11 23:22,NO04,EGVWPVS7H,EG,3.25
2022-01-12 00:04,NAO20,EG7UR23GD,EG,2.5
2022-01-12 00:43,EG16,EGIGQPKI7,EG,1.2
2022-01-12 02:12,EG11,EG9CHJ755,EG,0.5
2022-01-12 02:16,EG18,KOIXA11DP,KO,2.1
2022-01-12 02:19,NAO15,NAO09SKDGI,NAO,2.5
2022-01-12 02:38,NAO15,NAOLY8OZCY,NAO,2.5
2022-01-12 02:44,EG11,OO1B0Z3NX,OO,0.5
2022-01-12 03:07,NO02,NOXFGCAQV,NO,3.85
2022-01-12 03:26,KO08,KONCXLL4Z,KO,1.85
2022-01-12 03:37,AM05,AMLJH75LX,AM,3.6
2022-01-12 03:42,NO13,NOE1V2ISQ,NO,4.15
2022-01-12 04:39,OO03,EGUT0CVS4,EG,2.4
2022-01-12 05:07,NAO37,AMNT3W5UZ,AM,2.5
2022-01-12 05:41,NAO05,NAO5ZJA8DZ,NAO,2.5
2022-01-12 05:51,NAO24,NAOHL1N13J,NAO,2.5
2022-01-12 06:22,AM06,AMLJH75LX,AM,3.6
2022-01-12 06:58,NAO15,NAOLY8OZCY,NAO,2.5
2022-01-12 07:04,AM08,NOE1V2ISQ,NO,2.8
2022-01-12 07:49,KO02,EGIGQPKI7,EG,3.4
2022-01-12 08:45,AM10,GEX7EEDTJ,GE,3.1
2022-01-12 09:23,NAO26,NO7PTX63C,NO,2.5
2022-01-12 10:11,NAO26,EGSEIMVIH,EG,2.5
2022-01-12 10:18,EG24,EGIGQPKI7,EG,1.4
2022-01-12 10:18,KO08,KOWM31YIH,KO,1.85
2022-01-12 10:39,NAO36,AMHJ7XVG0,AM,2.5
2022-01-12 10:50,EG01,EGRHOCN9J,EG,3.0
2022-01-12 11:23,NO09,NORCBPLJD,NO,4.2
2022-01-12 11:35,EG11,OO1B0Z3NX,OO,0.5
2022-01-12 11:54,NAO32,EG7UR23GD,EG,2.5
2022-01-12 12:17,NAO19,NOXFGCAQV,NO,2.5
2022-01-12 12:18,EG29,EGC11ERTJ,EG,1.5
2022-01-12 12:28,NO09,NORCBPLJD,NO,4.2
2022-01-12 12:46,GE02,KOWKTAKPU,KO,14.7
2022-01-12 12:52,EG37,EGUT0CVS4,EG,1.4
2022-01-12 13:03,EG14,EGC11ERTJ,EG,1.2
2022-01-12 13:19,NO14,NO7PTX63C,NO,4.15
2022-01-12 14:09,NAO06,NAOHAFEYUH,NAO,2.5
2022-01-12 14:14,MO10,EG9CHJ755,EG,2.7
2022-01-12 14:15,OO04,NOXFGCAQV,NO,2.4
2022-01-12 14:30,AM04,NAOHL1N13J,NAO,2.2
2022-01-12 14:54,EG33,EGF1T2TAL,EG,2.0
2022-01-12 15:01,EG26,NOE1V2ISQ,NO,1.8
2022-01-12 15:13,NAO09,NOX6GVWRD,NO,2.5
2022-01-12 15:48,AM03,MOJCKJLTE,MO,2.2
2022-01-12 16:44,NO07,NOE1V2ISQ,NO,3.55
2022-01-12 16:50,NAO29,NAO5UQPGB7,NAO,2.5
2022-01-12 17:21,AM05,AMLJH75LX,AM,3.6
2022-01-12 18:16,NO13,NAO5ZJA8DZ,NAO,4.15
2022-01-12 18:27,OO02,NAOURTP0LZ,NAO,2.3
2022-01-12 20:22,NO08,NORCBPLJD,NO,3.55
2022-01-12 20:44,NAO24,NORCBPLJD,NO,2.5
2022-01-12 21:00,NO06,AMHJ7XVG0,AM,3.25
2022-01-12 21:08,EG24,EGVWPVS7H,EG,1.4
2022-01-12 21:16,AM06,AMLJH75LX,AM,3.6
2022-01-12 21:17,NAO29,OOZSJ49IT,OO,2.5
2022-01-12 21:39,AM05,AMHJ7XVG0,AM,3.6
2022-01-12 21:40,NAO26,OO3KKV9RF,OO,2.5
2022-01-12 22:07,KO02,EGIGQPKI7,EG,3.4
2022-01-12 22:39,NAO20,EG7UR23GD,EG,2.5
2022-01-12 22:55,EG18,EGIGQPKI7,EG,2.1
2022-01-12 23:15,NO02,NOXFGCAQV,NO,3.85
2022-01-12 23:27,NAO09,NAOP0J43D5,NAO,2.5
2022-01-12 23:50,EG19,NAOBMYOFQE,NAO,1.4
2022-01-12 23:55,AM01,AMHJ7XVG0,AM,2.0
2022-01-13 00:15,NAO12,NAOBMYOFQE,NAO,2.5
2022-01-13 00:19,OO08,OOZSJ49IT,OO,1.9
2022-01-13 00:45,EG26,EGYTJXEPQ,EG,1.8
2022-01-13 01:01,NO05,EGVWPVS7H,EG,3.25
2022-01-13 01:42,EG29,EGYTJXEPQ,EG,1.5
2022-01-13 01:45,GE01,NAOBMYOFQE,NAO,14.7
2022-01-13 01:51,NAO33,NAOURTP0LZ,NAO,2.5
2022-01-13 02:24,EG19,EGIGQPKI7,EG,1.4
2022-01-13 02:31,EG25,NAOHL1N13J,NAO,1.8
2022-01-13 02:47,OO09,EGRHOCN9J,EG,2.5
2022-01-13 03:26,NO10,NOQLL8OS9,NO,4.2
2022-01-13 03:31,OO05,OO3KKV9RF,OO,3.5
2022-01-13 03:59,EG19,KONCXLL4Z,KO,1.4
2022-01-13 04:36,NAO28,NAOHAFEYUH,NAO,2.5
2022-01-13 04:38,MO01,NO7PTX63C,NO,1.35
2022-01-13 04:39,EG22,EGRHOCN9J,EG,1.6
2022-01-13 04:57,AM09,KOWM31YIH,KO,3.1
2022-01-13 05:31,NO10,NOX6GVWRD,NO,4.2
2022-01-13 06:23,NO11,NOXFGCAQV,NO,3.35
2022-01-13 06:29,AM07,NAO5UQPGB7,NAO,2.8
2022-01-13 06:30,NO06,NOX6GVWRD,NO,3.25
2022-01-13 07:33,NAO25,OO3KKV9RF,OO,2.5
2022-01-13 07:37,EG20,EGIGQPKI7,EG,1.4
2022-01-13 07:37,KO02,NAOURTP0LZ,NAO,3.4
2022-01-13 07:44,NO07,NOQLL8OS9,NO,3.55
2022-01-13 07:44,NAO23,NAOLY8OZCY,NAO,2.5
2022-01-13 08:40,EG24,EGVWPVS7H,EG,1.4
2022-01-13 08:57,EG04,EGYTJXEPQ,EG,1.2
2022-01-13 11:05,NO04,NOX6GVWRD,NO,3.25
2022-01-13 11:08,KO05,EGC11ERTJ,EG,1.9
2022-01-13 11:09,NO06,EGVWPVS7H,EG,3.25
2022-01-13 12:12,OO08,OO3KKV9RF,OO,1.9
2022-01-13 12:16,MO03,MOJCKJLTE,MO,2.1
2022-01-13 12:18,EG16,EGYTJXEPQ,EG,1.2
2022-01-13 12:34,KO09,KOJDP0LVS,KO,2.05
2022-01-13 12:34,EG36,MOV86WZS3,MO,1.0
2022-01-13 12:55,NO01,NOE1V2ISQ,NO,3.85
2022-01-13 13:04,NAO20,NAO5UQPGB7,NAO,2.5
2022-01-13 13:45,EG10,EG9CHJ755,EG,0.9
2022-01-13 14:24,MO11,EGC11ERTJ,EG,2.05
2022-01-13 14:39,AM10,AMNT3W5UZ,AM,3.1
2022-01-13 14:43,KO07,KONCXLL4Z,KO,1.85
2022-01-13 16:18,EG15,EGVWPVS7H,EG,1.2
2022-01-13 16:35,KO03,KOJDP0LVS,KO,2.95
2022-01-13 16:51,NAO33,NAOP0J43D5,NAO,2.5
2022-01-13 17:35,NAO01,NAOURTP0LZ,NAO,2.5
2022-01-13 18:02,EG34,AMLJH75LX,AM,2.0
2022-01-13 18:06,NO01,NOE1V2ISQ,NO,3.85
2022-01-13 18:21,NO04,NOX6GVWRD,NO,3.25
2022-01-13 18:22,EG15,AMHJ7XVG0,AM,1.2
2022-01-13 18:32,AM02,AMH9SDBDW,AM,2.0
2022-01-13 18:43,NO07,EGF1T2TAL,EG,3.55
2022-01-13 19:03,OO06,EGC11ERTJ,EG,3.5
2022-01-13 19:19,EG20,NAOBMYOFQE,NAO,1.4
2022-01-13 19:21,EG02,EGF1T2TAL,EG,3.0
2022-01-13 19:29,EG38,GEL6246HI,GE,1.4
2022-01-13 20:47,NAO10,NAOHAFEYUH,NAO,2.5
2022-01-13 20:56,AM05,AMLJH75LX,AM,3.6
2022-01-13 21:10,KO02,NAOVZ41NAM,NAO,3.4
2022-01-13 21:12,NAO03,KOJDP0LVS,KO,2.5
2022-01-13 21:31,NAO33,NAOURTP0LZ,NAO,2.5
2022-01-13 22:14,EG37,EGRHOCN9J,EG,1.4
2022-01-13 22:54,NO04,NOX6GVWRD,NO,3.25
2022-01-13 23:02,MO09,MOV86WZS3,MO,2.7
2022-01-13 23:20,AM02,AMHJ7XVG0,AM,2.0
2022-01-13 23:42,NAO17,NAONSM43D8,NAO,2.5
2022-01-13 23:54,AM09,KOWM31YIH,KO,3.1
2022-01-14 00:11,KO03,KOWKTAKPU,KO,2.95
2022-01-14 00:12,KO05,KONCXLL4Z,KO,1.9
2022-01-14 00:14,NAO08,NAOVZ41NAM,NAO,2.5
2022-01-14 00:34,EG10,NORCBPLJD,NO,0.9
2022-01-14 00:38,OO10,OO7PZE9VI,OO,2.5
2022-01-14 00:38,EG38,GEL6246HI,GE,1.4
2022-01-14 00:52,OO07,OO7PZE9VI,OO,1.9
2022-01-14 00:57,NO01,NOXFGCAQV,NO,3.85
2022-01-14 01:15,EG24,EGSEIMVIH,EG,1.4
2022-01-14 01:31,EG13,EGYTJXEPQ,EG,1.2
2022-01-14 01:53,AM01,NAO5UQPGB7,NAO,2.0
2022-01-14 01:59,EG32,NAO5ZJA8DZ,NAO,1.4
2022-01-14 02:19,NAO26,KOJDP0LVS,KO,2.5
2022-01-14 02:42,NO09,NORCBPLJD,NO,4.2
2022-01-14 02:51,NAO40,NAONSM43D8,NAO,2.5
2022-01-14 03:23,EG33,EGF1T2TAL,EG,2.0
2022-01-14 03:46,EG33,EGRHOCN9J,EG,2.0
2022-01-14 04:17,NAO07,NAO5ZJA8DZ,NAO,2.5
2022-01-14 04:27,EG26,EGYTJXEPQ,EG,1.8
2022-01-14 04:32,MO09,MOJCKJLTE,MO,2.7
2022-01-14 04:48,EG30,EGUT0CVS4,EG,1.5
2022-01-14 05:44,NO04,MOV86WZS3,MO,3.25
2022-01-14 05:55,NAO35,NAO09SKDGI,NAO,2.5
2022-01-14 06:17,EG21,NAOP0J43D5,NAO,1.6
2022-01-14 06:53,NAO24,NAO5ZJA8DZ,NAO,2.5
2022-01-14 07:24,OO07,NAOLY8OZCY,NAO,1.9
2022-01-14 08:13,NO02,NORCBPLJD,NO,3.85
2022-01-14 08:20,NAO31,GEL6246HI,GE,2.5
2022-01-14 08:24,NAO22,NAOVZ41NAM,NAO,2.5
2022-01-14 08:34,AM04,KOWKTAKPU,KO,2.2
2022-01-14 09:07,NO10,AMV3A3ZMF,AM,4.2
2022-01-14 09:08,AM03,AMH9SDBDW,AM,2.2
2022-01-14 09:26,AM05,NAOHAFEYUH,NAO,3.6
2022-01-14 09:29,NAO14,EG7UR23GD,EG,2.5
2022-01-14 09:39,OO01,EGYTJXEPQ,EG,2.3
2022-01-14 10:16,KO10,NO7PTX63C,NO,2.05
2022-01-14 10:56,OO10,OO1B0Z3NX,OO,2.5
2022-01-14 11:08,KO06,EGC11ERTJ,EG,1.9
2022-01-14 11:10,EG37,EGSEIMVIH,EG,1.4
2022-01-14 12:22,OO08,AMNT3W5UZ,AM,1.9
2022-01-14 12:44,NAO20,NAO5UQPGB7,NAO,2.5
2022-01-14 13:05,AM05,NAONSM43D8,NAO,3.6
2022-01-14 13:15,OO01,OO7PZE9VI,OO,2.3
2022-01-14 13:21,MO03,MOJCKJLTE,MO,2.1
2022-01-14 13:36,NO05,AMNT3W5UZ,AM,3.25
2022-01-14 14:01,EG04,OOZSJ49IT,OO,1.2
2022-01-14 14:54,NAO31,OO7PZE9VI,OO,2.5
2022-01-14 15:05,NAO12,NAO5UQPGB7,NAO,2.5
2022-01-14 15:10,EG23,EG7UR23GD,EG,1.4
2022-01-14 15:10,NAO26,NAOHAFEYUH,NAO,2.5
2022-01-14 15:23,EG05,EG7UR23GD,EG,1.7
2022-01-14 16:28,EG23,EG7UR23GD,EG,1.4
2022-01-14 17:40,GE01,GEJA1WJ0T,GE,14.7
2022-01-14 17:48,NAO20,NOQLL8OS9,NO,2.5
2022-01-14 17:51,MO06,MOV86WZS3,MO,2.6
2022-01-14 17:57,AM05,AMV3A3ZMF,AM,3.6
2022-01-14 18:08,OO09,OO1B0Z3NX,OO,2.5
2022-01-14 18:13,KO08,KOJDP0LVS,KO,1.85
2022-01-14 18:17,KO04,KOWKTAKPU,KO,2.95
2022-01-14 18:39,OO04,OO3KKV9RF,OO,2.4
2022-01-14 18:55,OO06,OOQ0OXFQ8,OO,3.5
2022-01-14 20:17,MO09,MOJCKJLTE,MO,2.7
2022-01-14 20:19,NAO08,NAOVZ41NAM,NAO,2.5
2022-01-14 20:54,EG17,EGYTJXEPQ,EG,2.1
2022-01-14 21:11,EG29,EG7UR23GD,EG,1.5
2022-01-14 21:20,GE02,OO3KKV9RF,OO,14.7
2022-01-14 21:25,KO01,OO3KKV9RF,OO,3.4
2022-01-14 21:36,GE02,GE5A0L725,GE,14.7
2022-01-14 21:45,NO10,NOX6GVWRD,NO,4.2
2022-01-14 22:22,NAO22,NAOVZ41NAM,NAO,2.5
2022-01-14 22:28,EG17,EGIGQPKI7,EG,2.1
2022-01-14 23:08,NAO06,NAOLY8OZCY,NAO,2.5
2022-01-14 23:21,NO05,OO1B0Z3NX,OO,3.25
2022-01-14 23:29,GE02,EGVWPVS7H,EG,14.7
2022-01-15 00:02,NO06,NOE1V2ISQ,NO,3.25
2022-01-15 00:21,NO14,NOX6GVWRD,NO,4.15
2022-01-15 01:11,EG21,NOXFGCAQV,NO,1.6
2022-01-15 01:31,AM10,AMNT3W5UZ,AM,3.1
2022-01-15 01:39,NAO07,AMNT3W5UZ,AM,2.5
2022-01-15 01:40,AM09,AMH9SDBDW,AM,3.1
2022-01-15 01:53,NAO21,NAOHAFEYUH,NAO,2.5
2022-01-15 02:55,GE01,NAOBMYOFQE,NAO,14.7
2022-01-15 03:46,OO09,OO1B0Z3NX,OO,2.5
2022-01-15 03:53,NAO20,AMH9SDBDW,AM,2.5
2022-01-15 04:16,AM01,EGRHOCN9J,EG,2.0
2022-01-15 04:54,NAO06,NOQLL8OS9,NO,2.5
2022-01-15 04:57,AM07,AMXAJI0Y6,AM,2.8
2022-01-15 05:02,NAO26,NAO09SKDGI,NAO,2.5
2022-01-15 05:31,AM04,KOWKTAKPU,KO,2.2
2022-01-15 05:34,AM05,AMXAJI0Y6,AM,3.6
2022-01-15 06:02,NO01,NOE1V2ISQ,NO,3.85
2022-01-15 06:35,EG22,EGRHOCN9J,EG,1.6
2022-01-15 07:22,KO08,KOJDP0LVS,KO,1.85
2022-01-15 08:16,KO08,KOWM31YIH,KO,1.85
2022-01-15 08:53,KO09,NAO5ZJA8DZ,NAO,2.05
2022-01-15 09:06,NO12,NOXFGCAQV,NO,3.35
2022-01-15 09:08,EG15,AMHJ7XVG0,AM,1.2
2022-01-15 09:21,MO06,MOJCKJLTE,MO,2.6
2022-01-15 09:47,EG34,EGUT0CVS4,EG,2.0
2022-01-15 11:10,NAO26,NAO09SKDGI,NAO,2.5
2022-01-15 11:41,OO03,NAOLY8OZCY,NAO,2.4
2022-01-15 11:43,KO09,KOWM31YIH,KO,2.05
2022-01-15 12:35,EG02,EGIGQPKI7,EG,3.0
2022-01-15 12:47,NAO09,MOJCKJLTE,MO,2.5
2022-01-15 12:48,KO04,KONCXLL4Z,KO,2.95
2022-01-15 13:35,EG28,EGIGQPKI7,EG,1.4
2022-01-15 14:20,KO05,KOJDP0LVS,KO,1.9
2022-01-15 15:00,OO08,OO3KKV9RF,OO,1.9
2022-01-15 15:47,NO03,NORCBPLJD,NO,3.25
2022-01-15 16:33,NAO21,NAO5ZJA8DZ,NAO,2.5
2022-01-15 16:44,NAO37,NAOBMYOFQE,NAO,2.5
2022-01-15 16:55,KO09,KONCXLL4Z,KO,2.05
2022-01-15 17:03,KO03,KOWKTAKPU,KO,2.95
2022-01-15 17:06,NAO37,NAOURTP0LZ,NAO,2.5
2022-01-15 17:46,EG01,EGRHOCN9J,EG,3.0
2022-01-15 17:47,KO05,KOJDP0LVS,KO,1.9
2022-01-15 17:59,NO08,NOQLL8OS9,NO,3.55
2022-01-15 17:59,NO09,NORCBPLJD,NO,4.2
2022-01-15 18:23,OO02,NAOURTP0LZ,NAO,2.3
2022-01-15 18:54,GE02,GEJA1WJ0T,GE,14.7
2022-01-15 19:09,MO04,MOJCKJLTE,MO,2.1
2022-01-15 19:16,NO12,AMXAJI0Y6,AM,3.35
2022-01-15 19:45,NAO38,NAONSM43D8,NAO,2.5
2022-01-15 20:23,EG10,EG9CHJ755,EG,0.9
2022-01-15 20:41,NAO21,NAO5ZJA8DZ,NAO,2.5
2022-01-15 22:06,NO07,NAO09SKDGI,NAO,3.55
2022-01-15 23:24,NAO17,NAONSM43D8,NAO,2.5
2022-01-15 23:28,NO14,EG9CHJ755,EG,4.15
2022-01-16 00:11,NAO34,NAOURTP0LZ,NAO,2.5
2022-01-16 00:23,EG19,OO7PZE9VI,OO,1.4
2022-01-16 00:32,AM09,AMH9SDBDW,AM,3.1
2022-01-16 00:51,NAO05,NAOLY8OZCY,NAO,2.5
2022-01-16 01:20,KO09,KOWM31YIH,KO,2.05
2022-01-16 01:41,NAO14,NAO5ZJA8DZ,NAO,2.5
2022-01-16 01:57,EG33,NOE1V2ISQ,NO,2.0
2022-01-16 02:14,EG06,KOWKTAKPU,KO,1.7
2022-01-16 02:29,NO03,NOXFGCAQV,NO,3.25
2022-01-16 03:14,OO02,OO3KKV9RF,OO,2.3
2022-01-16 03:48,EG32,NAOBMYOFQE,NAO,1.4
2022-01-16 04:08,OO01,OO3KKV9RF,OO,2.3
2022-01-16 04:25,AM05,AMLJH75LX,AM,3.6
2022-01-16 04:36,AM01,NAO5UQPGB7,NAO,2.0
2022-01-16 04:54,OO03,NAOLY8OZCY,NAO,2.4
2022-01-16 04:56,MO06,MOJCKJLTE,MO,2.6
2022-01-16 05:51,AM10,EGRHOCN9J,EG,3.1
2022-01-16 06:05,NO12,MOV86WZS3,MO,3.35
2022-01-16 06:26,NO03,NOXFGCAQV,NO,3.25
2022-01-16 06:30,NAO07,NAOP0J43D5,NAO,2.5
2022-01-16 06:40,NAO18,NAO5ZJA8DZ,NAO,2.5
2022-01-16 06:51,NAO17,NAOBMYOFQE,NAO,2.5
2022-01-16 07:12,EG37,EGIGQPKI7,EG,1.4
2022-01-16 07:20,NO05,EGYTJXEPQ,EG,3.25
2022-01-16 07:42,EG17,KOWM31YIH,KO,2.1
2022-01-16 07:52,NAO21,NAO5UQPGB7,NAO,2.5
2022-01-16 08:00,NO11,NAOBMYOFQE,NAO,3.35
2022-01-16 08:33,KO06,EGC11ERTJ,EG,1.9
2022-01-16 08:39,EG05,EGIGQPKI7,EG,1.7
2022-01-16 08:40,NO14,NO7PTX63C,NO,4.15
2022-01-16 08:50,NO04,KOIXA11DP,KO,3.25
2022-01-16 09:01,NO01,NAOVZ41NAM,NAO,3.85
2022-01-16 10:35,NAO33,NAOURTP0LZ,NAO,2.5
2022-01-16 10:55,MO03,MOJCKJLTE,MO,2.1
2022-01-16 10:59,NO02,EGC11ERTJ,EG,3.85
2022-01-16 10:59,MO08,KONCXLL4Z,KO,3.15
2022-01-16 11:01,NO14,NOE1V2ISQ,NO,4.15
2022-01-16 11:16,AM08,EGYTJXEPQ,EG,2.8
2022-01-16 11:20,MO04,MOV86WZS3,MO,2.1
2022-01-16 11:27,AM09,NOQLL8OS9,NO,3.1
2022-01-16 11:38,EG26,AMHJ7XVG0,AM,1.8
2022-01-16 11:58,MO09,MOJCKJLTE,MO,2.7
2022-01-16 12:12,NAO10,EGSEIMVIH,EG,2.5
2022-01-16 12:16,NO12,NOXFGCAQV,NO,3.35
2022-01-16 12:21,EG07,EGUT0CVS4,EG,1.8
2022-01-16 12:28,EG19,EGIGQPKI7,EG,1.4
2022-01-16 13:36,AM09,KOWM31YIH,KO,3.1
2022-01-16 14:24,NAO07,NAOBMYOFQE,NAO,2.5
2022-01-16 14:40,KO02,OOZSJ49IT,OO,3.4
2022-01-16 15:02,EG29,EGC11ERTJ,EG,1.5
2022-01-16 15:09,NO07,NOE1V2ISQ,NO,3.55
2022-01-16 15:19,NAO39,NAOURTP0LZ,NAO,2.5
2022-01-16 15:36,EG33,AMHJ7XVG0,AM,2.0
2022-01-16 15:55,OO07,OOQ0OXFQ8,OO,1.9
2022-01-16 15:56,AM05,AMV3A3ZMF,AM,3.6
2022-01-16 16:01,NAO21,NAO5UQPGB7,NAO,2.5
2022-01-16 16:02,NO10,KOIXA11DP,KO,4.2
2022-01-16 17:31,NO12,NOXFGCAQV,NO,3.35
2022-01-16 17:54,NAO38,NAONSM43D8,NAO,2.5
2022-01-16 18:25,NAO18,KONCXLL4Z,KO,2.5
2022-01-16 18:34,EG31,NOE1V2ISQ,NO,1.4
2022-01-16 18:49,KO01,NAOP0J43D5,NAO,3.4
2022-01-16 18:54,KO07,KOWKTAKPU,KO,1.85
2022-01-16 19:06,EG26,EG7UR23GD,EG,1.8
2022-01-16 19:22,MO02,MOV86WZS3,MO,1.35
2022-01-16 19:35,OO04,OOZSJ49IT,OO,2.4
2022-01-16 20:35,OO06,NAOHL1N13J,NAO,3.5
2022-01-16 20:58,OO04,OOZSJ49IT,OO,2.4
2022-01-16 21:02,KO05,EGVWPVS7H,EG,1.9
2022-01-16 21:23,NO14,NOE1V2ISQ,NO,4.15
2022-01-16 21:45,NO06,NO7PTX63C,NO,3.25
2022-01-16 22:06,NO02,NAOLY8OZCY,NAO,3.85
2022-01-16 22:08,NAO12,NAOBMYOFQE,NAO,2.5
2022-01-16 22:17,EG33,EGRHOCN9J,EG,2.0
2022-01-16 22:52,EG31,EGUT0CVS4,EG,1.4
2022-01-16 23:31,KO01,NOXFGCAQV,NO,3.4
2022-01-17 00:51,NAO12,NAOHL1N13J,NAO,2.5
2022-01-17 01:01,OO04,OOZSJ49IT,OO,2.4
2022-01-17 01:23,AM03,MOJCKJLTE,MO,2.2
2022-01-17 01:25,NAO27,OOQ0OXFQ8,OO,2.5
2022-01-17 01:26,EG10,EGVWPVS7H,EG,0.9
2022-01-17 01:27,NO12,NOXFGCAQV,NO,3.35
2022-01-17 01:53,NO13,NO7PTX63C,NO,4.15
2022-01-17 02:21,KO02,NAOVZ41NAM,NAO,3.4
2022-01-17 02:41,OO06,NO7PTX63C,NO,3.5
2022-01-17 02:42,EG22,OO7PZE9VI,OO,1.6
2022-01-17 04:02,KO05,KOWM31YIH,KO,1.9
2022-01-17 04:13,NAO09,NOX6GVWRD,NO,2.5
2022-01-17 04:25,KO10,KOJDP0LVS,KO,2.05
2022-01-17 04:27,NAO17,NAONSM43D8,NAO,2.5
2022-01-17 04:39,NAO28,AMNT3W5UZ,AM,2.5
2022-01-17 05:09,EG21,NORCBPLJD,NO,1.6
2022-01-17 05:09,NAO24,AMLJH75LX,AM,2.5
2022-01-17 05:21,MO10,EG9CHJ755,EG,2.7
2022-01-17 06:04,EG16,EGYTJXEPQ,EG,1.2
2022-01-17 06:17,NAO22,NAO5ZJA8DZ,NAO,2.5
2022-01-17 06:34,NO12,MOV86WZS3,MO,3.35
2022-01-17 06:36,NAO32,NAO5ZJA8DZ,NAO,2.5
2022-01-17 07:33,AM05,AMLJH75LX,AM,3.6
2022-01-17 07:44,NAO24,NAO5ZJA8DZ,NAO,2.5
2022-01-17 08:22,AM05,AMLJH75LX,AM,3.6
2022-01-17 08:26,NO10,KOWKTAKPU,KO,4.2
2022-01-17 08:44,NAO28,NOE1V2ISQ,NO,2.5
2022-01-17 08:44,NAO22,NAOLY8OZCY,NAO,2.5
2022-01-17 09:20,KO07,KOJDP0LVS,KO,1.85
2022-01-17 09:20,EG26,EG9CHJ755,EG,1.8
2022-01-17 09:52,NAO19,NOXFGCAQV,NO,2.5
2022-01-17 10:16,AM05,AMV3A3ZMF,AM,3.6
2022-01-17 10:34,AM06,AMLJH75LX,AM,3.6
2022-01-17 10:43,KO07,NAOURTP0LZ,NAO,1.85
2022-01-17 10:57,EG33,EGVWPVS7H,EG,2.0
2022-01-17 10:57,NO03,NOE1V2ISQ,NO,3.25
2022-01-17 11:56,OO06,OO7PZE9VI,OO,3.5
2022-01-17 12:03,NO06,NOX6GVWRD,NO,3.25
2022-01-17 12:19,NAO29,EGC11ERTJ,EG,2.5
2022-01-17 12:32,NAO35,NAO09SKDGI,NAO,2.5
2022-01-17 12:34,NAO22,NAOLY8OZCY,NAO,2.5
2022-01-17 12:59,OO09,EGRHOCN9J,EG,2.5
2022-01-17 13:36,MO05,MOJCKJLTE,MO,2.6
2022-01-17 13:45,OO02,OO3KKV9RF,OO,2.3
2022-01-17 14:24,MO03,MOJCKJLTE,MO,2.1
2022-01-17 14:55,EG05,EGIGQPKI7,EG,1.7
2022-01-17 15:12,NAO26,NAO09SKDGI,NAO,2.5
2022-01-17 15:36,NAO32,NAO09SKDGI,NAO,2.5
2022-01-17 15:43,KO05,EGC11ERTJ,EG,1.9
2022-01-17 17:27,NAO21,NAOHAFEYUH,NAO,2.5
2022-01-17 17:38,EG24,EGYTJXEPQ,EG,1.4
2022-01-17 17:43,NAO19,NOXFGCAQV,NO,2.5
2022-01-17 18:27,EG22,NAO5UQPGB7,NAO,1.6
2022-01-17 18:32,KO10,OO1B0Z3NX,OO,2.05
2022-01-17 19:01,KO05,KOWM31YIH,KO,1.9
2022-01-17 19:03,NAO08,NAOVZ41NAM,NAO,2.5
2022-01-17 19:05,NAO26,NO7PTX63C,NO,2.5
2022-01-17 19:15,KO05,KOWM31YIH,KO,1.9
2022-01-17 19:43,NAO12,NAOHL1N13J,NAO,2.5
2022-01-17 19:45,KO09,NAO5ZJA8DZ,NAO,2.05
2022-01-17 20:17,NO10,NOQLL8OS9,NO,4.2
2022-01-17 20:45,KO03,KOWKTAKPU,KO,2.95
2022-01-17 21:08,KO02,NAOURTP0LZ,NAO,3.4
2022-01-17 21:16,OO01,OO7PZE9VI,OO,2.3
2022-01-17 21:38,KO08,KOJDP0LVS,KO,1.85
2022-01-17 21:59,NAO41,NAOP0J43D5,NAO,2.5
2022-01-17 21:59,AM05,AMV3A3ZMF,AM,3.6
2022-01-17 22:15,NAO22,NAOVZ41NAM,NAO,2.5
2022-01-17 22:44,NAO08,AMNT3W5UZ,AM,2.5
2022-01-17 23:07,NAO39,NAOURTP0LZ,NAO,2.5
2022-01-18 00:31,NAO40,EGRHOCN9J,EG,2.5
2022-01-18 00:54,OO08,OO3KKV9RF,OO,1.9
2022-01-18 01:05,MO09,MOJCKJLTE,MO,2.7
2022-01-18 01:52,AM07,NAOP0J43D5,NAO,2.8
2022-01-18 03:41,KO10,KONCXLL4Z,KO,2.05
2022-01-18 03:45,EG21,AMH9SDBDW,AM,1.6
2022-01-18 04:14,NAO23,NAONSM43D8,NAO,2.5
2022-01-18 04:47,MO10,EG7UR23GD,EG,2.7
2022-01-18 04:48,EG28,EGF1T2TAL,EG,1.4
2022-01-18 04:48,EG26,NOE1V2ISQ,NO,1.8
2022-01-18 04:58,KO07,KOWKTAKPU,KO,1.85
2022-01-18 05:20,MO05,MOJCKJLTE,MO,2.6
2022-01-18 05:21,MO06,MOJCKJLTE,MO,2.6
2022-01-18 05:26,NAO22,NAOVZ41NAM,NAO,2.5
2022-01-18 05:43,OO10,OO7PZE9VI,OO,2.5
2022-01-18 06:10,AM02,AMXAJI0Y6,AM,2.0
2022-01-18 06:54,EG31,EGC11ERTJ,EG,1.4
2022-01-18 07:01,NO03,AMXAJI0Y6,AM,3.25
2022-01-18 07:05,OO06,NAOHL1N13J,NAO,3.5
2022-01-18 07:09,OO02,OO1B0Z3NX,OO,2.3
2022-01-18 07:18,NO05,EGYTJXEPQ,EG,3.25
2022-01-18 07:38,KO09,KONCXLL4Z,KO,2.05
2022-01-18 07:51,AM09,NAO09SKDGI,NAO,3.1
2022-01-18 07:55,EG10,EGYTJXEPQ,EG,0.9
2022-01-18 08:03,OO04,NOXFGCAQV,NO,2.4
2022-01-18 08:07,AM08,AMXAJI0Y6,AM,2.8
2022-01-18 08:09,GE02,KOWKTAKPU,KO,14.7
2022-01-18 08:26,KO02,EG9CHJ755,EG,3.4
2022-01-18 09:04,EG18,EGIGQPKI7,EG,2.1
2022-01-18 09:07,EG31,NAOURTP0LZ,NAO,1.4
2022-01-18 09:22,AM09,NAO09SKDGI,NAO,3.1
2022-01-18 10:07,GE02,GE2IAGL58,GE,14.7
2022-01-18 10:25,NAO38,NOE1V2ISQ,NO,2.5
2022-01-18 10:34,NO12,NOX6GVWRD,NO,3.35
2022-01-18 10:55,NO05,EGVWPVS7H,EG,3.25
2022-01-18 11:37,NAO04,OOQ0OXFQ8,OO,2.5
2022-01-18 11:46,OO03,EGUT0CVS4,EG,2.4
2022-01-18 12:09,NAO38,NAO5ZJA8DZ,NAO,2.5
2022-01-18 14:02,NAO28,NAOHAFEYUH,NAO,2.5
2022-01-18 14:04,MO08,NAOLY8OZCY,NAO,3.15
2022-01-18 14:24,MO07,KOIXA11DP,KO,3.15
2022-01-18 15:21,NAO21,NAOHL1N13J,NAO,2.5
2022-01-18 15:45,MO09,MOV86WZS3,MO,2.7
2022-01-18 16:00,EG21,EGYTJXEPQ,EG,1.6
2022-01-18 16:09,NAO31,NAO09SKDGI,NAO,2.5
2022-01-18 16:10,GE02,EGVWPVS7H,EG,14.7
2022-01-18 16:40,KO03,NAOBMYOFQE,NAO,2.95
2022-01-18 16:59,KO09,KOWM31YIH,KO,2.05
2022-01-18 17:05,NO09,NORCBPLJD,NO,4.2
2022-01-18 17:17,NO05,EGYTJXEPQ,EG,3.25
2022-01-18 17:58,EG22,NAOBMYOFQE,NAO,1.6
2022-01-18 17:59,NO11,NOE1V2ISQ,NO,3.35
2022-01-18 18:07,NAO11,NAO5UQPGB7,NAO,2.5
2022-01-18 19:33,MO05,MOJCKJLTE,MO,2.6
2022-01-18 19:34,NO05,EGVWPVS7H,EG,3.25
2022-01-18 19:34,NAO39,AMXAJI0Y6,AM,2.5
2022-01-18 19:59,OO03,OO3KKV9RF,OO,2.4
2022-01-18 20:06,EG21,EG7UR23GD,EG,1.6
2022-01-18 20:08,GE02,EGVWPVS7H,EG,14.7
2022-01-18 20:30,EG05,EGIGQPKI7,EG,1.7
2022-01-18 21:05,NAO05,KONCXLL4Z,KO,2.5
2022-01-18 21:16,NAO07,AMV3A3ZMF,AM,2.5
2022-01-18 22:41,AM10,AMHJ7XVG0,AM,3.1
2022-01-18 23:12,EG25,MOV86WZS3,MO,1.8
2022-01-18 23:52,EG20,EGSEIMVIH,EG,1.4
2022-01-18 23:54,MO09,MOV86WZS3,MO,2.7
2022-01-18 23:59,KO06,KONCXLL4Z,KO,1.9
2022-01-19 00:57,OO06,NAOHL1N13J,NAO,3.5
2022-01-19 01:20,OO03,NAOVZ41NAM,NAO,2.4
2022-01-19 01:22,EG25,EGVWPVS7H,EG,1.8
2022-01-19 01:43,EG19,NAOBMYOFQE,NAO,1.4
2022-01-19 02:14,EG31,NAOURTP0LZ,NAO,1.4
2022-01-19 02:58,OO07,EGC11ERTJ,EG,1.9
2022-01-19 03:05,NO11,NOXFGCAQV,NO,3.35
2022-01-19 03:18,NO12,NOQLL8OS9,NO,3.35
2022-01-19 04:00,KO05,KOWM31YIH,KO,1.9
2022-01-19 04:12,NO05,NOX6GVWRD,NO,3.25
2022-01-19 04:25,OO04,NOXFGCAQV,NO,2.4
2022-01-19 04:32,NAO17,OO1B0Z3NX,OO,2.5
2022-01-19 04:44,KO03,AMNT3W5UZ,AM,2.95
2022-01-19 04:48,AM04,AMLJH75LX,AM,2.2
2022-01-19 04:49,AM01,NAOLY8OZCY,NAO,2.0
2022-01-19 05:03,EG10,NORCBPLJD,NO,0.9
2022-01-19 05:10,OO02,OOZSJ49IT,OO,2.3
2022-01-19 05:13,OO04,OOQ0OXFQ8,OO,2.4
2022-01-19 05:40,EG32,EGF1T2TAL,EG,1.4
2022-01-19 06:02,OO10,NAO09SKDGI,NAO,2.5
2022-01-19 06:05,EG06,EG9CHJ755,EG,1.7
2022-01-19 06:10,KO01,KOWKTAKPU,KO,3.4
2022-01-19 06:14,EG17,EG7UR23GD,EG,2.1
2022-01-19 07:25,NAO27,EG9CHJ755,EG,2.5
2022-01-19 07:31,GE02,EGVWPVS7H,EG,14.7
2022-01-19 08:15,EG34,NAOBMYOFQE,NAO,2.0
2022-01-19 08:19,AM04,AMLJH75LX,AM,2.2
2022-01-19 08:30,KO06,EGC11ERTJ,EG,1.9
2022-01-19 08:41,NO12,NOQLL8OS9,NO,3.35
2022-01-19 08:59,NAO23,NAONSM43D8,NAO,2.5
2022-01-19 09:25,AM06,AMNT3W5UZ,AM,3.6
2022-01-19 09:38,NAO23,NAO09SKDGI,NAO,2.5
2022-01-19 10:05,NAO26,NAO09SKDGI,NAO,2.5
2022-01-19 10:09,NAO32,NAO5UQPGB7,NAO,2.5
2022-01-19 10:21,AM05,AMHJ7XVG0,AM,3.6
2022-01-19 11:27,NO14,NORCBPLJD,NO,4.15
2022-01-19 11:45,KO02,EG9CHJ755,EG,3.4
2022-01-19 12:29,GE01,GEX7EEDTJ,GE,14.7
2022-01-19 13:03,EG07,EG7UR23GD,EG,1.8
2022-01-19 13:29,NAO18,KONCXLL4Z,KO,2.5
2022-01-19 13:54,NO10,KOIXA11DP,KO,4.2
2022-01-19 14:35,OO10,OOQ0OXFQ8,OO,2.5
2022-01-19 14:40,NO01,NOE1V2ISQ,NO,3.85
2022-01-19 14:44,NO05,KONCXLL4Z,KO,3.25
2022-01-19 15:06,EG21,EGF1T2TAL,EG,1.6
2022-01-19 15:28,NAO21,NAO5ZJA8DZ,NAO,2.5
2022-01-19 15:41,EG29,EGUT0CVS4,EG,1.5
2022-01-19 15:55,KO01,KOJDP0LVS,KO,3.4
2022-01-19 16:17,AM04,KOWKTAKPU,KO,2.2
2022-01-19 17:51,EG17,KOWM31YIH,KO,2.1
2022-01-19 18:20,EG05,EGIGQPKI7,EG,1.7
2022-01-19 18:54,AM10,AMXAJI0Y6,AM,3.1
2022-01-19 19:23,NAO14,NAONSM43D8,NAO,2.5
2022-01-19 20:22,EG11,EGC11ERTJ,EG,0.5
2022-01-19 20:25,NO05,NORCBPLJD,NO,3.25
2022-01-19 20:51,AM03,EGC11ERTJ,EG,2.2
2022-01-19 20:55,OO10,OOQ0OXFQ8,OO,2.5
2022-01-19 21:26,EG21,EGSEIMVIH,EG,1.6
2022-01-19 21:32,NAO07,NAO5ZJA8DZ,NAO,2.5
2022-01-19 21:39,NAO19,NOXFGCAQV,NO,2.5
2022-01-19 22:09,EG19,EGF1T2TAL,EG,1.4
2022-01-19 22:12,NAO12,NAO09SKDGI,NAO,2.5
2022-01-19 22:31,AM09,AMXAJI0Y6,AM,3.1
2022-01-19 22:53,EG19,EGYTJXEPQ,EG,1.4
2022-01-19 23:01,NO11,NOXFGCAQV,NO,3.35
2022-01-19 23:15,OO08,OO3KKV9RF,OO,1.9
2022-01-19 23:40,MO10,MOV86WZS3,MO,2.7
2022-01-19 23:42,NAO25,OOQ0OXFQ8,OO,2.5
2022-01-20 00:24,EG24,EGVWPVS7H,EG,1.4
2022-01-20 00:34,AM09,NAOVZ41NAM,NAO,3.1
2022-01-20 00:37,NAO37,NAO09SKDGI,NAO,2.5
2022-01-20 00:39,OO02,NAOLY8OZCY,NAO,2.3
2022-01-20 01:03,KO04,KOIXA11DP,KO,2.95
2022-01-20 01:34,NO07,NOQLL8OS9,NO,3.55
2022-01-20 03:07,NAO26,NAOHAFEYUH,NAO,2.5
2022-01-20 03:32,NO05,EGVWPVS7H,EG,3.25
2022-01-20 04:28,NAO41,EGUT0CVS4,EG,2.5
2022-01-20 04:49,KO04,KONCXLL4Z,KO,2.95
2022-01-20 04:52,AM01,EGRHOCN9J,EG,2.0
2022-01-20 05:17,NAO25,NAO09SKDGI,NAO,2.5
2022-01-20 05:17,KO05,KOWM31YIH,KO,1.9
2022-01-20 05:35,MO04,MOJCKJLTE,MO,2.1
2022-01-20 05:40,KO10,KONCXLL4Z,KO,2.05
2022-01-20 05:47,EG10,EG9CHJ755,EG,0.9
2022-01-20 06:34,KO05,KOWKTAKPU,KO,1.9
2022-01-20 06:44,NAO01,NAOURTP0LZ,NAO,2.5
2022-01-20 07:16,EG08,EG7UR23GD,EG,1.8
2022-01-20 07:28,GE02,GE5A0L725,GE,14.7
2022-01-20 07:48,NAO23,NAOHL1N13J,NAO,2.5
2022-01-20 08:20,OO03,OOZSJ49IT,OO,2.4
2022-01-20 08:40,NAO19,NAOHAFEYUH,NAO,2.5
2022-01-20 08:40,AM04,AMLJH75LX,AM,2.2
2022-01-20 08:54,KO04,KOIXA11DP,KO,2.95
2022-01-20 08:57,OO03,OO7PZE9VI,OO,2.4
2022-01-20 09:07,NAO35,NAOBMYOFQE,NAO,2.5
2022-01-20 09:28,EG18,NAOBMYOFQE,NAO,2.1
2022-01-20 09:45,EG21,NORCBPLJD,NO,1.6
2022-01-20 10:51,KO06,EGC11ERTJ,EG,1.9
2022-01-20 11:17,EG32,NAO5ZJA8DZ,NAO,1.4
2022-01-20 11:23,EG10,EGVWPVS7H,EG,0.9
2022-01-20 11:29,MO12,AMH9SDBDW,AM,2.05
2022-01-20 11:52,NAO35,KONCXLL4Z,KO,2.5
2022-01-20 11:53,NO09,NAOBMYOFQE,NAO,4.2
2022-01-20 12:35,NAO35,NAO09SKDGI,NAO,2.5
2022-01-20 12:39,KO09,EGC11ERTJ,EG,2.05
2022-01-20 12:39,EG20,EGSEIMVIH,EG,1.4
2022-01-20 12:49,NO08,NOQLL8OS9,NO,3.55
2022-01-20 13:00,MO07,KOIXA11DP,KO,3.15
2022-01-20 13:51,NAO08,NAOHL1N13J,NAO,2.5
2022-01-20 14:01,NO03,NORCBPLJD,NO,3.25
2022-01-20 14:42,KO05,EGF1T2TAL,EG,1.9
2022-01-20 15:04,EG16,NAO09SKDGI,NAO,1.2
2022-01-20 15:10,EG17,EGYTJXEPQ,EG,2.1
2022-01-20 15:12,EG17,KOWM31YIH,KO,2.1
2022-01-20 15:29,AM04,NAOHL1N13J,NAO,2.2
2022-01-20 15:46,EG25,MOV86WZS3,MO,1.8
2022-01-20 16:40,AM05,AMH9SDBDW,AM,3.6
2022-01-20 17:05,EG02,EGF1T2TAL,EG,3.0
2022-01-20 17:19,KO04,KOIXA11DP,KO,2.95
2022-01-20 17:33,EG38,AMLJH75LX,AM,1.4
2022-01-20 17:40,EG15,EGF1T2TAL,EG,1.2
2022-01-20 18:00,AM10,NAO5ZJA8DZ,NAO,3.1
2022-01-20 18:02,NAO16,EGUT0CVS4,EG,2.5
2022-01-20 18:03,NO03,NOE1V2ISQ,NO,3.25
2022-01-20 18:44,NAO30,NAONSM43D8,NAO,2.5
2022-01-20 18:46,NAO37,AMNT3W5UZ,AM,2.5
2022-01-20 18:49,MO03,MOJCKJLTE,MO,2.1
2022-01-20 18:58,EG10,EGSEIMVIH,EG,0.9
2022-01-20 19:28,AM10,NAO5ZJA8DZ,NAO,3.1
2022-01-20 19:34,NAO05,KONCXLL4Z,KO,2.5
2022-01-20 20:21,AM06,AMH9SDBDW,AM,3.6
2022-01-20 20:57,AM08,EGYTJXEPQ,EG,2.8
2022-01-20 21:09,GE02,AMNT3W5UZ,AM,14.7
2022-01-20 21:21,EG30,EG7UR23GD,EG,1.5
2022-01-20 21:34,NO04,NO7PTX63C,NO,3.25
2022-01-20 21:47,NO07,NO7PTX63C,NO,3.55
2022-01-20 21:49,NAO34,MOV86WZS3,MO,2.5
2022-01-20 22:03,OO10,OOQ0OXFQ8,OO,2.5
2022-01-20 22:17,EG09,AMXAJI0Y6,AM,0.9
2022-01-20 22:30,NAO31,NAO09SKDGI,NAO,2.5
2022-01-20 22:43,NAO21,EGC11ERTJ,EG,2.5
2022-01-20 22:44,NO07,NAOP0J43D5,NAO,3.55
2022-01-20 23:07,NAO08,NAOURTP0LZ,NAO,2.5
2022-01-20 23:09,NO11,NOE1V2ISQ,NO,3.35
2022-01-20 23:27,OO03,OOQ0OXFQ8,OO,2.4
2022-01-20 23:32,AM09,NORCBPLJD,NO,3.1
2022-01-21 00:13,EG13,EGVWPVS7H,EG,1.2
2022-01-21 00:18,AM04,MOJCKJLTE,MO,2.2
2022-01-21 00:24,MO05,NAOP0J43D5,NAO,2.6
2022-01-21 00:30,NO05,KONCXLL4Z,KO,3.25
2022-01-21 00:34,OO06,OO1B0Z3NX,OO,3.5
2022-01-21 00:41,AM05,NAOHAFEYUH,NAO,3.6
2022-01-21 00:43,NO12,MOV86WZS3,MO,3.35
2022-01-21 01:18,AM06,AMLJH75LX,AM,3.6
2022-01-21 01:38,OO06,OO3KKV9RF,OO,3.5
2022-01-21 02:05,NAO22,NAOVZ41NAM,NAO,2.5
2022-01-21 02:54,NO14,OO1B0Z3NX,OO,4.15
2022-01-21 03:04,EG37,NOE1V2ISQ,NO,1.4
2022-01-21 04:36,AM05,AMLJH75LX,AM,3.6
2022-01-21 04:51,NO11,NAOURTP0LZ,NAO,3.35
2022-01-21 05:02,EG33,EG9CHJ755,EG,2.0
2022-01-21 06:08,NO05,NORCBPLJD,NO,3.25
2022-01-21 06:44,OO08,OOZSJ49IT,OO,1.9
2022-01-21 06:48,AM02,EGRHOCN9J,EG,2.0
2022-01-21 07:06,NAO30,NAOBMYOFQE,NAO,2.5
2022-01-21 07:48,NO02,NOE1V2ISQ,NO,3.85
2022-01-21 08:10,OO10,OOQ0OXFQ8,OO,2.5
2022-01-21 08:16,NAO09,NAO09SKDGI,NAO,2.5
2022-01-21 08:38,OO07,EGC11ERTJ,EG,1.9
2022-01-21 09:10,AM04,AMV3A3ZMF,AM,2.2
2022-01-21 10:10,AM09,OO3KKV9RF,OO,3.1
2022-01-21 10:37,KO05,KOJDP0LVS,KO,1.9
2022-01-21 11:14,EG37,EGVWPVS7H,EG,1.4
2022-01-21 11:26,OO08,EGIGQPKI7,EG,1.9
2022-01-21 11:43,NAO39,NAOURTP0LZ,NAO,2.5
2022-01-21 11:53,EG02,NAONSM43D8,NAO,3.0
2022-01-21 12:01,OO06,OO1B0Z3NX,OO,3.5
2022-01-21 12:24,NAO28,NAOHAFEYUH,NAO,2.5
2022-01-21 12:38,EG11,OO1B0Z3NX,OO,0.5
2022-01-21 12:43,AM06,AMXAJI0Y6,AM,3.6
2022-01-21 12:49,NAO18,KONCXLL4Z,KO,2.5
2022-01-21 13:30,EG21,AMXAJI0Y6,AM,1.6
2022-01-21 13:58,NAO39,NAOP0J43D5,NAO,2.5
2022-01-21 14:30,AM03,AMLJH75LX,AM,2.2
2022-01-21 14:35,NO10,NOX6GVWRD,NO,4.2
2022-01-21 15:16,EG17,KOWM31YIH,KO,2.1
2022-01-21 15:17,EG18,KOIXA11DP,KO,2.1
2022-01-21 15:51,AM02,AMH9SDBDW,AM,2.0
2022-01-21 15:53,EG38,EG7UR23GD,EG,1.4
2022-01-21 16:05,NAO09,NAOP0J43D5,NAO,2.5
2022-01-21 16:34,MO05,MOJCKJLTE,MO,2.6
2022-01-21 16:52,EG19,NAOBMYOFQE,NAO,1.4
2022-01-21 17:10,KO02,AMXAJI0Y6,AM,3.4
2022-01-21 17:17,OO10,NAO09SKDGI,NAO,2.5
2022-01-21 17:39,NO09,NOE1V2ISQ,NO,4.2
2022-01-21 18:12,NAO11,NAO5UQPGB7,NAO,2.5
2022-01-21 18:56,NO08,NORCBPLJD,NO,3.55
2022-01-21 18:58,NO14,NO7PTX63C,NO,4.15
2022-01-21 20:01,KO04,KOIXA11DP,KO,2.95
2022-01-21 20:43,NAO39,NAOURTP0LZ,NAO,2.5
2022-01-21 21:03,EG31,KOWKTAKPU,KO,1.4
2022-01-21 21:25,KO02,AMXAJI0Y6,AM,3.4
2022-01-21 21:58,AM05,AMXAJI0Y6,AM,3.6
2022-01-21 22:00,KO01,KONCXLL4Z,KO,3.4
2022-01-21 22:03,KO10,KOWM31YIH,KO,2.05
2022-01-21 22:52,NO01,NAOVZ41NAM,NAO,3.85
2022-01-21 23:41,NAO39,NAOLY8OZCY,NAO,2.5
2022-01-21 23:45,NAO39,AMXAJI0Y6,AM,2.5
2022-01-22 00:22,EG01,NORCBPLJD,NO,3.0
2022-01-22 00:35,NAO40,NAO5ZJA8DZ,NAO,2.5
2022-01-22 01:36,KO05,KOWM31YIH,KO,1.9
2022-01-22 01:56,NO07,NAO09SKDGI,NAO,3.55
2022-01-22 02:00,MO02,NAOHL1N13J,NAO,1.35
2022-01-22 02:06,NO03,NOE1V2ISQ,NO,3.25
2022-01-22 02:36,AM01,AMHJ7XVG0,AM,2.0
2022-01-22 03:38,NAO21,NAOLY8OZCY,NAO,2.5
2022-01-22 03:50,NAO03,KOJDP0LVS,KO,2.5
2022-01-22 03:52,OO06,OO3KKV9RF,OO,3.5
2022-01-22 04:02,NAO22,NAO5ZJA8DZ,NAO,2.5
2022-01-22 04:08,NO05,EGVWPVS7H,EG,3.25
2022-01-22 04:12,KO09,KONCXLL4Z,KO,2.05
2022-01-22 04:14,EG02,EGVWPVS7H,EG,3.0
2022-01-22 05:18,EG33,EGRHOCN9J,EG,2.0
2022-01-22 05:18,NO05,NOX6GVWRD,NO,3.25
2022-01-22 05:24,NO02,NOXFGCAQV,NO,3.85
2022-01-22 05:26,GE02,GE5A0L725,GE,14.7
2022-01-22 05:48,NO07,NAOP0J43D5,NAO,3.55
2022-01-22 05:50,OO06,MOJCKJLTE,MO,3.5
2022-01-22 06:02,NO01,NO7PTX63C,NO,3.85
2022-01-22 06:12,MO07,KOIXA11DP,KO,3.15
2022-01-22 06:25,EG10,EGIGQPKI7,EG,0.9
2022-01-22 06:43,NAO33,NAOP0J43D5,NAO,2.5
2022-01-22 06:53,EG04,EGYTJXEPQ,EG,1.2
2022-01-22 06:58,NAO12,NAOHL1N13J,NAO,2.5
2022-01-22 07:38,KO04,NAOURTP0LZ,NAO,2.95
2022-01-22 07:49,NAO09,NOX6GVWRD,NO,2.5
2022-01-22 08:04,NAO21,NAO5ZJA8DZ,NAO,2.5
2022-01-22 08:22,AM01,EG7UR23GD,EG,2.0
2022-01-22 09:11,OO10,AMHJ7XVG0,AM,2.5
2022-01-22 09:51,EG22,NAO5UQPGB7,NAO,1.6
2022-01-22 09:52,EG06,NO7PTX63C,NO,1.7
2022-01-22 10:01,EG33,EGF1T2TAL,EG,2.0
2022-01-22 11:19,NO01,NOE1V2ISQ,NO,3.85
2022-01-22 12:01,EG22,OO7PZE9VI,OO,1.6
2022-01-22 12:06,NAO10,EGSEIMVIH,EG,2.5
2022-01-22 12:26,EG31,NAOURTP0LZ,NAO,1.4
2022-01-22 12:40,OO03,EGUT0CVS4,EG,2.4
2022-01-22 13:08,KO02,EG9CHJ755,EG,3.4
2022-01-22 13:08,NAO33,NAOURTP0LZ,NAO,2.5
2022-01-22 13:09,NAO30,EGVWPVS7H,EG,2.5
2022-01-22 13:11,OO10,EGSEIMVIH,EG,2.5
2022-01-22 13:42,EG22,EG7UR23GD,EG,1.6
2022-01-22 14:05,NO06,GE5A0L725,GE,3.25
2022-01-22 14:08,NAO08,AMNT3W5UZ,AM,2.5
2022-01-22 14:08,KO09,KOWM31YIH,KO,2.05
2022-01-22 14:34,NO05,KOWKTAKPU,KO,3.25
2022-01-22 15:01,NAO03,EGF1T2TAL,EG,2.5
2022-01-22 15:13,EG07,AMH9SDBDW,AM,1.8
2022-01-22 15:25,EG14,AMH9SDBDW,AM,1.2
2022-01-22 16:16,AM05,KONCXLL4Z,KO,3.6
2022-01-22 16:54,NAO05,NAOP0J43D5,NAO,2.5
2022-01-22 17:23,NO03,NOE1V2ISQ,NO,3.25
2022-01-22 17:27,AM03,EGSEIMVIH,EG,2.2
2022-01-22 17:41,NAO07,AMV3A3ZMF,AM,2.5
2022-01-22 18:06,KO09,EGIGQPKI7,EG,2.05
2022-01-22 18:13,NAO21,NAO5UQPGB7,NAO,2.5
2022-01-22 18:47,EG35,NAOP0J43D5,NAO,1.0
2022-01-22 19:11,EG14,OO3KKV9RF,OO,1.2
2022-01-22 19:34,NO09,NOE1V2ISQ,NO,4.2
2022-01-22 20:12,EG28,EGF1T2TAL,EG,1.4
2022-01-22 20:52,GE02,GE5A0L725,GE,14.7
2022-01-22 21:01,OO06,EGYTJXEPQ,EG,3.5
2022-01-22 21:49,NAO16,EGUT0CVS4,EG,2.5
2022-01-22 22:08,NAO32,NAOP0J43D5,NAO,2.5
2022-01-22 22:14,EG37,EGRHOCN9J,EG,1.4
2022-01-22 22:54,NAO29,OO3KKV9RF,OO,2.5
2022-01-22 23:02,NAO31,GEL6246HI,GE,2.5
2022-01-22 23:09,NAO30,EGUT0CVS4,EG,2.5
2022-01-22 23:30,OO09,KOWM31YIH,KO,2.5
2022-01-22 23:55,NO12,EG7UR23GD,EG,3.35
2022-01-23 00:03,NO10,NOQLL8OS9,NO,4.2
2022-01-23 00:24,MO05,MOJCKJLTE,MO,2.6
2022-01-23 00:27,NAO07,NAO09SKDGI,NAO,2.5
2022-01-23 00:54,MO07,KOIXA11DP,KO,3.15
2022-01-23 00:58,AM06,NOXFGCAQV,NO,3.6
2022-01-23 01:02,EG04,OOZSJ49IT,OO,1.2
2022-01-23 01:05,NAO06,NAO5UQPGB7,NAO,2.5
2022-01-23 01:11,NAO15,NAOLY8OZCY,NAO,2.5
2022-01-23 01:14,OO06,OOQ0OXFQ8,OO,3.5
2022-01-23 01:52,KO03,KOIXA11DP,KO,2.95
2022-01-23 03:04,NAO09,NAO5UQPGB7,NAO,2.5
2022-01-23 03:30,EG20,EGSEIMVIH,EG,1.4
2022-01-23 03:39,EG26,EG9CHJ755,EG,1.8
2022-01-23 04:07,AM02,EGVWPVS7H,EG,2.0
2022-01-23 04:34,NAO25,OOQ0OXFQ8,OO,2.5
2022-01-23 04:35,NO14,NORCBPLJD,NO,4.15
2022-01-23 04:48,KO09,KOJDP0LVS,KO,2.05
2022-01-23 05:25,NO05,NOX6GVWRD,NO,3.25
2022-01-23 05:28,NO03,NOE1V2ISQ,NO,3.25
2022-01-23 05:57,EG28,EGSEIMVIH,EG,1.4
2022-01-23 07:07,NAO40,NAOP0J43D5,NAO,2.5
2022-01-23 07:34,EG15,NOXFGCAQV,NO,1.2
2022-01-23 08:04,NO09,NAOBMYOFQE,NAO,4.2
2022-01-23 08:17,NO04,NOX6GVWRD,NO,3.25
2022-01-23 08:19,OO08,OO7PZE9VI,OO,1.9
2022-01-23 08:35,EG18,EGIGQPKI7,EG,2.1
2022-01-23 08:49,EG34,EGVWPVS7H,EG,2.0
2022-01-23 08:53,NAO12,NAOHL1N13J,NAO,2.5
2022-01-23 08:59,NAO01,NAOBMYOFQE,NAO,2.5
2022-01-23 09:05,NAO07,NAO09SKDGI,NAO,2.5
2022-01-23 09:07,EG34,EGUT0CVS4,EG,2.0
2022-01-23 09:14,NAO17,NAOBMYOFQE,NAO,2.5
2022-01-23 09:35,NO01,NOXFGCAQV,NO,3.85
2022-01-23 09:41,NAO09,NAONSM43D8,NAO,2.5
2022-01-23 09:52,EG14,NAOHAFEYUH,NAO,1.2
2022-01-23 10:50,NAO13,NAOHL1N13J,NAO,2.5
2022-01-23 11:12,NAO34,NAOURTP0LZ,NAO,2.5
2022-01-23 11:33,EG16,EGYTJXEPQ,EG,1.2
2022-01-23 12:06,NAO07,NAO5ZJA8DZ,NAO,2.5
2022-01-23 12:16,AM01,EGRHOCN9J,EG,2.0
2022-01-23 12:43,AM01,AMNT3W5UZ,AM,2.0
2022-01-23 12:48,EG10,EGVWPVS7H,EG,0.9
2022-01-23 13:06,OO03,OO1B0Z3NX,OO,2.4
2022-01-23 13:17,NAO40,NAONSM43D8,NAO,2.5
2022-01-23 13:17,NAO35,NAONSM43D8,NAO,2.5
2022-01-23 13:22,AM07,NAOP0J43D5,NAO,2.8
2022-01-23 13:33,NO10,NOX6GVWRD,NO,4.2
2022-01-23 14:08,EG36,NAONSM43D8,NAO,1.0
2022-01-23 14:45,EG02,EGVWPVS7H,EG,3.0
2022-01-23 15:05,EG19,EGVWPVS7H,EG,1.4
2022-01-23 15:52,AM02,AMXAJI0Y6,AM,2.0
2022-01-23 16:38,EG10,EGF1T2TAL,EG,0.9
2022-01-23 16:56,GE02,GEX7EEDTJ,GE,14.7
2022-01-23 17:05,KO03,NAOURTP0LZ,NAO,2.95
2022-01-23 17:10,KO05,KOWKTAKPU,KO,1.9
2022-01-23 17:15,KO07,KOIXA11DP,KO,1.85
2022-01-23 17:29,OO05,AMHJ7XVG0,AM,3.5
2022-01-23 17:34,NO06,NOXFGCAQV,NO,3.25
2022-01-23 17:36,EG10,NAO09SKDGI,NAO,0.9
2022-01-23 17:45,EG06,KOWKTAKPU,KO,1.7
2022-01-23 17:54,EG32,EGC11ERTJ,EG,1.4
2022-01-23 18:05,AM03,AMNT3W5UZ,AM,2.2
2022-01-23 18:06,NO11,NOQLL8OS9,NO,3.35
2022-01-23 18:08,EG03,EG7UR23GD,EG,1.2
2022-01-23 18:08,AM08,AMHJ7XVG0,AM,2.8
2022-01-23 18:24,AM10,AMXAJI0Y6,AM,3.1
2022-01-23 18:40,AM01,AMHJ7XVG0,AM,2.0
2022-01-23 18:41,NAO41,NAOP0J43D5,NAO,2.5
2022-01-23 18:50,NAO16,EGUT0CVS4,EG,2.5
2022-01-23 18:51,NAO20,NAOVZ41NAM,NAO,2.5
2022-01-23 19:00,NO13,NAO5ZJA8DZ,NAO,4.15
2022-01-23 19:16,KO02,AMHJ7XVG0,AM,3.4
2022-01-23 20:04,EG10,EGIGQPKI7,EG,0.9
2022-01-23 20:04,NAO24,NAONSM43D8,NAO,2.5
2022-01-23 20:16,OO05,OO3KKV9RF,OO,3.5
2022-01-23 20:40,AM03,MOJCKJLTE,MO,2.2
2022-01-23 20:40,GE02,NOXFGCAQV,NO,14.7
2022-01-23 20:47,GE01,GEJA1WJ0T,GE,14.7
2022-01-23 21:10,KO03,AMNT3W5UZ,AM,2.95
2022-01-23 21:57,AM05,NAOURTP0LZ,NAO,3.6
2022-01-23 22:09,NAO11,EGSEIMVIH,EG,2.5
2022-01-23 22:32,NAO03,EG9CHJ755,EG,2.5
2022-01-23 22:38,OO01,EGYTJXEPQ,EG,2.3
2022-01-23 22:43,NAO13,NAOP0J43D5,NAO,2.5
2022-01-23 22:55,KO05,KOWKTAKPU,KO,1.9
2022-01-23 22:58,OO05,OOZSJ49IT,OO,3.5
2022-01-23 23:20,NO02,NOXFGCAQV,NO,3.85
2022-01-23 23:44,NO09,EG7UR23GD,EG,4.2
2022-01-24 00:05,MO10,EG9CHJ755,EG,2.7
2022-01-24 00:08,OO05,AMHJ7XVG0,AM,3.5
2022-01-24 00:29,AM02,AMHJ7XVG0,AM,2.0
2022-01-24 01:03,MO08,MOV86WZS3,MO,3.15
2022-01-24 01:11,OO03,KOWM31YIH,KO,2.4
2022-01-24 01:35,NAO33,NAOURTP0LZ,NAO,2.5
2022-01-24 01:38,NAO01,NAOLY8OZCY,NAO,2.5
2022-01-24 01:39,NO13,EGIGQPKI7,EG,4.15
2022-01-24 02:15,KO03,AMNT3W5UZ,AM,2.95
2022-01-24 02:27,NO04,NOX6GVWRD,NO,3.25
2022-01-24 02:40,EG18,NAO5ZJA8DZ,NAO,2.1
2022-01-24 02:42,EG01,EG9CHJ755,EG,3.0
2022-01-24 02:44,EG01,EG9CHJ755,EG,3.0
2022-01-24 03:09,EG21,EGF1T2TAL,EG,1.6
2022-01-24 03:11,AM05,AMHJ7XVG0,AM,3.6
2022-01-24 03:21,NAO36,AMHJ7XVG0,AM,2.5
2022-01-24 03:25,OO08,MOJCKJLTE,MO,1.9
2022-01-24 03:37,KO08,KONCXLL4Z,KO,1.85
2022-01-24 03:43,NAO05,NAO5ZJA8DZ,NAO,2.5
2022-01-24 03:54,KO05,OO7PZE9VI,OO,1.9
2022-01-24 04:35,OO10,OO1B0Z3NX,OO,2.5
2022-01-24 05:26,NAO07,NAOP0J43D5,NAO,2.5
2022-01-24 05:27,EG05,EGC11ERTJ,EG,1.7
2022-01-24 05:27,KO05,KOWM31YIH,KO,1.9
2022-01-24 05:43,OO07,EGF1T2TAL,EG,1.9
2022-01-24 05:52,EG19,NORCBPLJD,NO,1.4
2022-01-24 06:03,AM05,AMH9SDBDW,AM,3.6
2022-01-24 06:03,NAO33,NAOHL1N13J,NAO,2.5
2022-01-24 06:04,EG31,KOWKTAKPU,KO,1.4
2022-01-24 07:00,EG34,NAOBMYOFQE,NAO,2.0
2022-01-24 07:02,NAO21,EGIGQPKI7,EG,2.5
2022-01-24 07:04,NO07,EGF1T2TAL,EG,3.55
2022-01-24 07:17,NO05,EGVWPVS7H,EG,3.25
2022-01-24 07:33,OO04,NAOVZ41NAM,NAO,2.4
2022-01-24 07:40,OO01,NORCBPLJD,NO,2.3
2022-01-24 07:48,AM05,AMH9SDBDW,AM,3.6
2022-01-24 07:58,NO06,NOXFGCAQV,NO,3.25
2022-01-24 08:13,OO09,NAOURTP0LZ,NAO,2.5
2022-01-24 08:46,NO06,AMHJ7XVG0,AM,3.25
2022-01-24 09:05,AM06,KOIXA11DP,KO,3.6
2022-01-24 09:18,EG36,OO1B0Z3NX,OO,1.0
2022-01-24 09:25,NAO10,NAO5UQPGB7,NAO,2.5
2022-01-24 09:26,EG06,NAOBMYOFQE,NAO,1.7
2022-01-24 09:27,AM05,KONCXLL4Z,KO,3.6
2022-01-24 09:30,NO14,NO7PTX63C,NO,4.15
2022-01-24 09:43,EG37,EGRHOCN9J,EG,1.4
2022-01-24 10:11,KO09,NAO5ZJA8DZ,NAO,2.05
2022-01-24 10:18,KO09,KONCXLL4Z,KO,2.05
2022-01-24 10:24,EG19,EGYTJXEPQ,EG,1.4
2022-01-24 10:27,KO05,KOWKTAKPU,KO,1.9
2022-01-24 11:21,NAO05,NAOP0J43D5,NAO,2.5
2022-01-24 11:54,AM09,AMXAJI0Y6,AM,3.1
2022-01-24 12:09,AM08,EG9CHJ755,EG,2.8
2022-01-24 12:14,NAO30,NAOHAFEYUH,NAO,2.5
2022-01-24 13:00,EG37,EGF1T2TAL,EG,1.4
2022-01-24 13:23,KO10,KOIXA11DP,KO,2.05
2022-01-24 13:47,EG21,EGF1T2TAL,EG,1.6
2022-01-24 13:59,EG17,EG7UR23GD,EG,2.1
2022-01-24 14:13,KO09,KOJDP0LVS,KO,2.05
2022-01-24 14:25,KO07,AMXAJI0Y6,AM,1.85
2022-01-24 14:28,AM05,AMV3A3ZMF,AM,3.6
2022-01-24 14:30,NAO40,NAOHL1N13J,NAO,2.5
2022-01-24 14:58,NAO22,NAOHL1N13J,NAO,2.5
2022-01-24 15:06,NAO37,NAO09SKDGI,NAO,2.5
2022-01-24 15:10,NAO09,NAO09SKDGI,NAO,2.5
2022-01-24 15:20,MO06,MOJCKJLTE,MO,2.6
2022-01-24 15:22,AM01,AMNT3W5UZ,AM,2.0
2022-01-24 15:32,NO02,NOE1V2ISQ,NO,3.85
2022-01-24 15:45,AM09,NORCBPLJD,NO,3.1
2022-01-24 15:49,EG20,NAOBMYOFQE,NAO,1.4
2022-01-24 15:55,AM06,AMNT3W5UZ,AM,3.6
2022-01-24 15:58,EG20,EGSEIMVIH,EG,1.4
2022-01-24 16:13,OO01,EGYTJXEPQ,EG,2.3
2022-01-24 16:58,AM06,AMXAJI0Y6,AM,3.6
2022-01-24 17:22,NAO27,OOQ0OXFQ8,OO,2.5
2022-01-24 17:30,NO06,NO7PTX63C,NO,3.25
2022-01-24 17:31,OO02,NAOURTP0LZ,NAO,2.3
2022-01-24 18:09,OO02,NOQLL8OS9,NO,2.3
2022-01-24 18:18,NO13,NO7PTX63C,NO,4.15
2022-01-24 19:55,NAO18,NAOHAFEYUH,NAO,2.5
2022-01-24 20:09,GE02,GE2IAGL58,GE,14.7
